Date,ITUB4.SA,PETR4.SA,VALE3.SA
2021-06-04,0.22980348464701292,0.30959213466177743,0.34166918733724116
2021-06-07,0.22987250757165317,0.3043915272776462,0.3147267515558622
2021-06-08,0.23626508893669237,0.2875848001934741,0.31870358217969763
2021-06-09,0.2359151823160526,0.28808219456253653,0.32785610362659257
2021-06-10,0.23678486307154453,0.2860186865803655,0.3012370107969964
2021-06-11,0.2334099521203241,0.27824917443274516,0.28497052952440477
2021-06-14,0.22447423082151063,0.27818720989381585,0.2796297712646178
2021-06-15,0.218571879481446,0.2271878671967046,0.2816811312823496
2021-06-16,0.2224140811497068,0.22487965195819146,0.2851094099401645
2021-06-17,0.22967008022938243,0.25828153622411487,0.2885055761033534
2021-06-18,0.24494215868934843,0.25553800730407183,0.3036035474626235
2021-06-21,0.24493983550140952,0.2589023503297313,0.30396335681685854
2021-06-22,0.2527682364827098,0.25839235308754793,0.30153638080364614
2021-06-23,0.2547703362517795,0.2551589909025452,0.3053459907841748
2021-06-24,0.24988597778627908,0.23771510208431076,0.2896659063219874
2021-06-25,0.2775918909901453,0.2528929556334484,0.2759750544692955
2021-06-28,0.2791814168719977,0.2503797517052222,0.2820932261874915
2021-06-29,0.2771154166996274,0.21477236896955934,0.28739488935897917
2021-06-30,0.28024135130934497,0.21325344835152996,0.27123284455691704
2021-07-01,0.24914103125270545,0.21693915204260492,0.2739439009591296
2021-07-02,0.22111994409406174,0.20689976555678963,0.27891347967360963
2021-07-05,0.20749280971109862,0.19828782708919312,0.27240853729263953
2021-07-06,0.18251249693410276,0.24576005259093492,0.2698469243312149
2021-07-07,0.18541293137078846,0.246234975325021,0.261114276019855
2021-07-08,0.17492244860457862,0.25493363901910976,0.25370445145530257
2021-07-12,0.18757465290632402,0.2574851907566176,0.25571031482739237
2021-07-13,0.18982917369494023,0.25870088676182146,0.245762602942337
2021-07-14,0.19083605883516366,0.2583618452597588,0.24576984004287705
2021-07-15,0.19213512453728582,0.2634368272741098,0.2333334000660431
2021-07-16,0.1741516143524111,0.2650335445196444,0.2144340795877225
2021-07-19,0.17306250571372878,0.24456688837752785,0.20265704788288524
2021-07-20,0.1792042932819349,0.24894286825129266,0.18040878432601942
2021-07-21,0.1788591482571735,0.24004191662253524,0.1815415185148662
2021-07-22,0.1774812116019408,0.23807836109749408,0.17863767229564093
2021-07-23,0.17731000910664643,0.23501329369650248,0.17428049300974083
2021-07-26,0.1922342019285371,0.2532016904550065,0.18770837786117725
2021-07-27,0.16645180695287104,0.2490708277522558,0.2004276844813173
2021-07-28,0.19874087714321215,0.2622964073163102,0.210041307313709
2021-07-29,0.19628098440770347,0.2620350948988804,0.21177534486172542
2021-07-30,0.19562660418142597,0.2792155675835476,0.30038681400148026
2021-08-02,0.19587189675400513,0.2823093542135504,0.2951128587733226
2021-08-03,0.19533564072741882,0.290267856211829,0.31013452005381426
2021-08-04,0.2149789086956697,0.29556533001823476,0.30992660318465026
2021-08-05,0.21498606452145264,0.37773669721368147,0.3268117981580442
2021-08-06,0.2341503121243956,0.3750099116668093,0.3274757670581459
2021-08-09,0.22976453422009263,0.3685727072607152,0.3277725990278505
2021-08-10,0.2385816573663429,0.36765435798554025,0.3263976729621104
2021-08-11,0.24041025606823746,0.3699316337551863,0.32549870783604706
2021-08-12,0.2508241089072077,0.37107899421480733,0.32542029063589134
2021-08-13,0.2499160377842683,0.3611150574269845,0.32532828178346124
2021-08-16,0.24561258357860857,0.36883914145664876,0.32153819555834884
2021-08-17,0.24480708550974836,0.36190860401882036,0.3241422838297224
2021-08-18,0.24167365467412516,0.36304432583538304,0.3396798726699444
2021-08-19,0.2467995850169821,0.36206285176854774,0.38304597861188106
2021-08-20,0.24406182969051288,0.3619601445874377,0.38237883678061674
2021-08-23,0.2456835755973524,0.36354890744666374,0.3828399677530322
2021-08-24,0.25596998708447305,0.35892975743103483,0.3996751259835867
2021-08-25,0.2545829189835329,0.3549969298309585,0.3969669423198031
2021-08-26,0.24580711090321217,0.35209894579011375,0.378127762561232
2021-08-27,0.2526314465187408,0.3706125501951446,0.39420434701864404
2021-08-30,0.250897779254118,0.3482672874890469,0.3415436690786297
2021-08-31,0.2539474784004882,0.37352376723964364,0.34254593427613517
2021-09-01,0.25223635516892734,0.3721225456726435,0.31443398178420634
2021-09-02,0.2656744694591165,0.3683158963089981,0.31408752076635166
2021-09-03,0.2662388560871697,0.25945796792166076,0.3015975960190145
2021-09-06,0.25119522049223536,0.26011416010157185,0.3013911516340898
2021-09-08,0.29601092212476177,0.3271634279595148,0.3059666746916104
2021-09-09,0.2960370070888231,0.3370935532851402,0.3005796677354787
2021-09-10,0.2931168411100495,0.3323152331743088,0.30195700240052775
2021-09-13,0.2920807444776744,0.3520930872993323,0.30198626816791807
2021-09-14,0.2871241112287972,0.35187768849094897,0.3019389928184352
2021-09-15,0.28965743614309974,0.34980689755733596,0.3055777007048735
2021-09-16,0.28974489349424504,0.35073127283457123,0.32692055866443015
2021-09-17,0.2983427917959785,0.3822860914568002,0.31714557868800286
2021-09-20,0.30403007029855755,0.3832010763601141,0.2852545038100267
2021-09-21,0.3040917175082244,0.3937780447907829,0.2962513598309865
2021-09-22,0.31458544580683395,0.4005498850347416,0.32854444351937057
2021-09-23,0.32342860476329954,0.4167340826418821,0.29447426847743047
2021-09-24,0.3248877322777428,0.41623210408856903,0.2956764062525376
2021-09-27,0.33210103157183946,0.41682949657630647,0.303748648077489
2021-09-28,0.33228965402080707,0.39558708868348497,0.32138237561219546
2021-09-29,0.3402590700573033,0.40033372612417895,0.33025424302593226
2021-09-30,0.33583355029979955,0.37572129093968565,0.33326193528135306
2021-10-01,0.34979289880600617,0.38710383908837087,0.332562268568405
2021-10-04,0.7583139334775253,0.391390791758276,0.33218891166747944
2021-10-05,0.7672549643648108,0.3926156512125651,0.3307086139350008
2021-10-06,0.7646673255350901,0.40812539425420713,0.3520814953664491
2021-10-07,0.7525830525919677,0.3420107459197301,0.368435704110516
2021-10-08,0.7508317849060788,0.3405651127215101,0.3700752314526689
2021-10-11,0.7515642445966891,0.33745990100442846,0.3801631788465034
2021-10-13,0.7486883921171713,0.3226687571055763,0.39192008261915884
2021-10-14,0.748753637850677,0.3154818059312419,0.3919471106772227
2021-10-15,0.7572721694693664,0.3145085757004399,0.3906280937643643
2021-10-18,0.7584760302727696,0.31264022587768864,0.3627246094607979
2021-10-19,0.7584175926209125,0.3217376308696021,0.35763936131112084
2021-10-20,0.7640359703229821,0.31812255722842664,0.3443173953730385
2021-10-21,0.7661679181552344,0.3476889842717292,0.3468897108364857
2021-10-22,0.7679684550393101,0.3421070783085957,0.3257895487857267
2021-10-25,0.7595436812053643,0.39017040006638376,0.32924290974205506
2021-10-26,0.7593339948952661,0.392930822990468,0.3269787881620884
2021-10-27,0.751580622514007,0.39281876607802574,0.33064256666132713
2021-10-28,0.7502463919884259,0.3919596011922141,0.2812178290268646
2021-10-29,0.7458695612595766,0.4538557795771238,0.29276399189696256
2021-11-01,0.7644870912485725,0.4659471507868628,0.2945902930289335
2021-11-03,0.7573501054697894,0.478416227952616,0.3957988499874134
2021-11-04,0.3706802087913912,0.4764330125217811,0.3960698291090834
2021-11-05,0.35935588848671435,0.46658238315673717,0.4045548801646691
2021-11-08,0.3583977897378674,0.46358738054421317,0.44012082661577145
2021-11-09,0.353773610294692,0.4710101325571464,0.4246163868248207
2021-11-10,0.3659253740050764,0.4646893319955287,0.4215819620487686
2021-11-11,0.36209692767339496,0.46327399107390616,0.43560261447639187
2021-11-12,0.3618648892566583,0.46852657907731915,0.4305525308299307
2021-11-16,0.3628435557931829,0.4708987824044105,0.43641056360087627
2021-11-17,0.3492575204668424,0.4767430934022272,0.42679328595113025
2021-11-18,0.3497809187572753,0.4769080236343757,0.4406081141903808
2021-11-19,0.34321587025536743,0.45033039168056743,0.460610148180358
2021-11-22,0.3259878621657908,0.4467471815046484,0.5046873277982119
2021-11-23,0.3294660789889879,0.47014179369666625,0.5137269778916377
2021-11-24,0.31822877301794017,0.4732728629611395,0.5192785470386551
2021-11-25,0.3121160397755609,0.4393999892197747,0.5163641242113525
2021-11-26,0.31669062031482065,0.46023919744860686,0.5218663427268787
2021-11-29,0.31549864658952226,0.4758061332883752,0.520890128954709
2021-11-30,0.31757535964637257,0.47495840883024437,0.5213094869812862
2021-12-01,0.3084862991552203,0.41133781847102857,0.5127825436069388
2021-12-02,0.3053078294415496,0.46885733294235393,0.536407335619886
2021-12-03,0.30261406602964835,0.43542222269936737,0.46091372598242475
2021-12-06,0.23993004083976016,0.4097040275520852,0.4877399033718461
2021-12-07,0.240198022455291,0.40570356370592153,0.46919411902994007
2021-12-08,0.24205025145431355,0.40780498921262986,0.4426261970529911
2021-12-09,0.2582106914577106,0.40897320763505934,0.4316795075644631
2021-12-10,0.24155344870954829,0.4037403436064891,0.4301347325277424
2021-12-13,0.25736535178972964,0.4066180573614127,0.4257525594681237
2021-12-14,0.26084318584705957,0.41234803926136065,0.42630652853316675
2021-12-15,0.25906770025049947,0.41245168689073625,0.40903389647282057
2021-12-16,0.261595494511914,0.3928963034715117,0.409607798411305
2021-12-17,0.26619576257154803,0.40902351130177117,0.3764819495081627
2021-12-20,0.269568490357887,0.4211263044652823,0.379889893919737
2021-12-21,0.26937550365997287,0.42196117304153546,0.34962469030255505
2021-12-22,0.2617559376569307,0.3907506490712126,0.34635453767622665
2021-12-23,0.2416996662712607,0.3873541165260434,0.345562737833506
2021-12-27,0.24251550602731134,0.36438991333648263,0.34401585833982024
2021-12-28,0.23584980971167072,0.32836860278755653,0.34130604835609335
2021-12-29,0.236299986375312,0.3148562629958342,0.34048511331815173
2021-12-30,0.23882043300317315,0.31530471853843045,0.3407545691039339
2022-01-03,0.2604073049039299,0.3216214710478846,0.3411181840371827
2022-01-04,0.24478381653337405,0.20213543656393634,0.31214814571468835
2022-01-05,0.25195567803353763,0.2411868035013186,0.299794556026974
2022-01-06,0.25955016128142855,0.24031772866066142,0.24940782629060484
2022-01-07,0.2696188659674479,0.2329238508298885,0.3124782208759216
2022-01-10,0.26962275284162257,0.2332653795311399,0.31503112177603426
2022-01-11,0.2603053678381849,0.25743120947379994,0.3156756533001346
2022-01-12,0.2613772608344889,0.2755253446380948,0.3161889138710537
2022-01-13,0.24389609859698544,0.28284046996724727,0.3127268991637901
2022-01-14,0.24660352713178027,0.3033167377105409,0.31248022875300546
2022-01-17,0.24572274094423424,0.30325614089313313,0.3123051202456688
2022-01-18,0.24480818814846972,0.30120803476277214,0.29603569666179813
2022-01-19,0.22978698011827975,0.28663654288150164,0.29390883589964745
2022-01-20,0.22307873963412506,0.2603810494737917,0.2986909978641423
2022-01-21,0.22328837980099817,0.2603495552587053,0.3011633530100979
2022-01-24,0.22422546062046797,0.2590705569446798,0.3044782006362115
2022-01-25,0.24873481590315422,0.2743027963875685,0.3013526994356953
2022-01-26,0.24884484673208573,0.28114558789410665,0.3007144659198011
2022-01-27,0.24643751032642333,0.2813839631493622,0.2837207796294635
2022-01-28,0.2412290369696163,0.32320267628487415,0.2879692467199624
2022-01-31,0.2296364597055283,0.324324689750253,0.3152361520466333
2022-02-01,0.219989568115878,0.32294986603838083,0.3624315538336682
2022-02-02,0.22248614097217437,0.3307672674166716,0.35765571353950415
2022-02-03,0.2032443754943704,0.29755062786975095,0.3577890574997862
2022-02-04,0.19844353523682468,0.29871316491746525,0.3615602195063512
2022-02-07,0.19465939087721643,0.3082683954828612,0.3178205168337495
2022-02-08,0.19519359081481297,0.3105553141054699,0.3147130484901518
2022-02-09,0.24303349454799392,0.29898667790570005,0.31066024015043997
2022-02-10,0.248150433799853,0.2874366703686117,0.3198525013626133
2022-02-11,0.3072777775330143,0.3087097934714375,0.324307315766348
2022-02-14,0.304954233196441,0.30083957210391515,0.32558360023848437
2022-02-15,0.30447846495912595,0.30737063493182437,0.34508602506087077
2022-02-16,0.3099197306376268,0.31019251735998116,0.3366101200986142
2022-02-17,0.3145257029070402,0.3099893821023568,0.36326515413769145
2022-02-18,0.31093854040263846,0.3097571882674842,0.3588435983652302
2022-02-21,0.3279770813394941,0.320302238220214,0.3510188252696235
2022-02-22,0.3276892513216674,0.32086585135835877,0.35226880539385774
2022-02-23,0.31409209449953196,0.305809478519654,0.35492931081976237
2022-02-24,0.319661731095673,0.30506670380830553,0.35693702954987666
2022-02-25,0.3262386345435821,0.3119440013511815,0.3981991419456481
2022-03-02,0.33014292213188495,0.2813953682803268,0.46694322477160516
2022-03-03,0.32121750926328774,0.2849408285355076,0.4422768491245435
2022-03-04,0.3239828583550768,0.2780949988647335,0.41616823737554964
2022-03-07,0.327890134876801,0.3787553027430794,0.42253403349508356
2022-03-08,0.3252562439615084,0.38280437120797994,0.4620770047682409
2022-03-09,0.3705930578885155,0.3781103039626057,0.4715875509101297
2022-03-10,0.37018746382782663,0.39216647726408,0.47681588241738565
2022-03-11,0.3696260467794259,0.41286507034090825,0.4771555383028338
2022-03-14,0.34404086516819676,0.4185757386029637,0.5200266081608087
2022-03-15,0.3382263360715093,0.4227999121438738,0.5225270080616348
2022-03-16,0.2772481995330438,0.3947100397785708,0.5240979100801442
2022-03-17,0.28872711894151487,0.3974336600941534,0.5356856168645967
2022-03-18,0.28788732237260195,0.4037516604869099,0.5240010420149398
2022-03-21,0.2979703514590773,0.42319344456949626,0.529714411047837
2022-03-22,0.29569204415545297,0.42322718710728535,0.5088315332834528
2022-03-23,0.29654815125096246,0.4257323361435391,0.5094793452780577
2022-03-24,0.2803930094307242,0.41731622453155853,0.5090248842341452
2022-03-25,0.2796766142448746,0.417335605697378,0.5148799461719662
2022-03-28,0.27308269673792185,0.4183755366073206,0.5117448032786734
2022-03-29,0.26341906816192867,0.42028102006826834,0.5138631392822842
2022-03-30,0.25773148802286383,0.4221982677564782,0.4857529441673945
2022-03-31,0.2539070444617367,0.41910005698057795,0.40634241993426423
2022-04-01,0.25363712989631537,0.41935491010813947,0.40935962335243226
2022-04-04,0.2484086908238089,0.42015193604962364,0.40313497137501775
2022-04-05,0.24661725157458544,0.3322675277132349,0.3996961262893309
2022-04-06,0.2418264649950191,0.32448812616680656,0.3735399240179037
2022-04-07,0.18422520451216226,0.3691490637193221,0.36114146938054736
2022-04-08,0.18485730891058885,0.35030292057923257,0.35034067368013283
2022-04-11,0.17943223193820146,0.3249233597728282,0.3521929963922423
2022-04-12,0.18899844734338636,0.3162069259805829,0.2943331452553164
2022-04-13,0.18803567821719558,0.3057744148741292,0.2733915128116192
2022-04-14,0.17811574677264175,0.3068377048410972,0.2671277404107162
2022-04-18,0.16319539389398494,0.29624280040315604,0.24331800888629934
2022-04-19,0.17329662021165299,0.30431353002921546,0.2528695608135159
2022-04-20,0.15043433398676634,0.2826395954524559,0.23482423902392754
2022-04-22,0.15269097456251435,0.32044851843009947,0.2937709271176673
2022-04-25,0.1526439789999309,0.3233805186808278,0.2939593334897183
2022-04-26,0.18367629038046945,0.32136919804989367,0.2896438853431949
2022-04-27,0.18228742443832344,0.3209878312340288,0.3597716606275935
2022-04-28,0.1817014665153744,0.3105392574515853,0.3751191175424075
2022-04-29,0.17474265069576364,0.30216966073359514,0.3754021163033175
2022-05-02,0.1718034661867008,0.2954460467951424,0.3682468619657263
2022-05-03,0.17597557729890018,0.2929791375287988,0.3680138957711026
2022-05-04,0.17376409531399176,0.3528133312632893,0.35989039395500283
2022-05-05,0.18286500633044026,0.3504457865215475,0.35523637395820584
2022-05-06,0.2018380061304698,0.3609843792863976,0.34782748914076594
2022-05-09,0.20316356400049856,0.3781553681148404,0.3553333955056892
2022-05-10,0.202247335694742,0.33885827469851354,0.3498658819082172
2022-05-11,0.2436689108498301,0.3568014275833863,0.3928902899094837
2022-05-12,0.25372205321128244,0.3547903659297426,0.392748920959504
2022-05-13,0.25384316505174576,0.35507153659873236,0.3936185754309719
2022-05-16,0.2572066345701869,0.3507382370943223,0.4144592255170544
2022-05-17,0.25827273580320775,0.3522334728783156,0.4138187729444272
2022-05-18,0.2601427157348973,0.35130228892505694,0.4176645040393689
2022-05-19,0.2543732427253943,0.3421519997445883,0.42254092177642033
2022-05-20,0.25771620936348083,0.3463370425928782,0.4212161610529758
2022-05-23,0.26591720035815547,0.3263884478314341,0.3722709146921832
2022-05-24,0.2702447299737511,0.34037781426108993,0.3680556289926812
2022-05-25,0.24786147017622884,0.3394440166011418,0.3630468971903283
2022-05-26,0.2475571865838423,0.3387935216926942,0.3176083282269047
2022-05-27,0.24433348186785311,0.392440236861297,0.3119670695563182
2022-05-30,0.23650765936181165,0.4022868044349226,0.31073548127635087
2022-05-31,0.23519201139576576,0.39888383008478523,0.31090732401574833
2022-06-01,0.24379607099199865,0.39928098688246105,0.31836699597759466
2022-06-02,0.24313140645869127,0.3503914131057368,0.31972593358447676
2022-06-03,0.22764718709117382,0.3542838888982023,0.3179136826130107
2022-06-06,0.22093828666332277,0.33733932391422505,0.3153760235805505
2022-06-07,0.21172444330275145,0.32253093330543625,0.2709716369338479
2022-06-08,0.22489521686766284,0.3228896599630554,0.30200105828816515
2022-06-09,0.20876673972152282,0.3057206327148425,0.30817714019494874
2022-06-10,0.21644627389602067,0.30801964645272784,0.304529894450916
2022-06-13,0.21486421676829534,0.30616585795609325,0.3290430605438428
2022-06-14,0.21066634951986826,0.30687396558006114,0.3141330795833914
2022-06-15,0.2081380949326597,0.30934000414511353,0.31362928641939064
2022-06-17,0.20707464495627548,0.37111506161175645,0.35573663697332963
2022-06-20,0.25998794273913817,0.36754643313760177,0.35192570644583626
2022-06-21,0.2576727810039746,0.36018101721701107,0.34602858677351306
2022-06-22,0.23827918989588726,0.3207570599432072,0.33570965905803424
2022-06-23,0.23796677520909737,0.31562813199105677,0.34713295295137125
2022-06-24,0.23342753223059004,0.3048695711415518,0.36577529447400065
2022-06-27,0.22864223009118637,0.39223111787373005,0.4057783404630791
2022-06-28,0.22664991337566037,0.36566366183573723,0.4060942296789638
2022-06-29,0.22692034089196259,0.3613272824257101,0.402937281455926
2022-06-30,0.2242117415965177,0.36084328717749625,0.41156826221512255
2022-07-01,0.22876279359577292,0.3708957303922941,0.4001135674981882
2022-07-04,0.22619210405534557,0.37886491635917113,0.3886589785117913
2022-07-05,0.23056770855270334,0.39427297165193104,0.3879390168606773
2022-07-06,0.2307737348345059,0.3951979989011628,0.39153505465640187
2022-07-07,0.24023562378861707,0.40816180403665836,0.39749528552584207
2022-07-08,0.23526788715240204,0.41125898996100946,0.38931689591626295
2022-07-11,0.23458186497167557,0.40912904399295696,0.38955274262325784
2022-07-12,0.22533975376089038,0.40952633234266744,0.3903306284880033
2022-07-13,0.2230668359494005,0.40781357646564137,0.37946350961685843
2022-07-14,0.2245816867651507,0.4142129831520684,0.43782890819077247
2022-07-15,0.23494459674065052,0.4166427013049085,0.440045826916794
2022-07-18,0.2378004580138906,0.3605601592152238,0.41024276639338203
2022-07-19,0.2172758216484882,0.3646149402914976,0.4048807270701054
2022-07-20,0.2184949280984221,0.3554010064959546,0.4071659709225087
2022-07-21,0.2200181669805516,0.35598926470475833,0.4147181146387827
2022-07-22,0.20812331452980287,0.34738653711802625,0.39952981873292936
2022-07-25,0.21434142076968027,0.37149379834210783,0.3921638631829909
2022-07-26,0.21425507031965527,0.3137817482212064,0.35196176072251895
2022-07-27,0.2108174598065862,0.3133640314978338,0.3433442305059158
2022-07-28,0.2079039083539798,0.32039199208358,0.34431120638759
2022-07-29,0.19676609318952287,0.35953336130197194,0.3350755215799957
2022-08-01,0.19687510083583903,0.36568264881009793,0.33827874680573494
2022-08-02,0.19513823207749184,0.3626206162846136,0.36050834185391983
2022-08-03,0.19516821771573897,0.3232649354121908,0.3823493001004355
2022-08-04,0.2041751383106197,0.3132919915308744,0.37898004539502483
2022-08-05,0.20762233845822714,0.30771253328284254,0.36486042304779776
2022-08-08,0.20908830460488412,0.33696916786053904,0.36249248466116735
2022-08-09,0.20683194387653794,0.33198229949323593,0.3549508209632794
2022-08-10,0.20799333120269756,0.32194287625109497,0.35463953812881943
2022-08-11,0.20495485526029658,0.3437227236744337,0.376080464816706
2022-08-12,0.19311293139756353,0.3714350881022959,0.28284408655964655
2022-08-15,0.19038405298014502,0.37567364415771537,0.29595946710892507
2022-08-16,0.18993326322187717,0.3754932504925495,0.3036192654587872
2022-08-17,0.16818454793206813,0.3761546030253176,0.316914455422645
2022-08-18,0.15663504893888267,0.37207183805694155,0.3070609088370652
2022-08-19,0.1705999753589221,0.4357413062038946,0.30578952516615093
2022-08-22,0.17141903998952296,0.4362393075523886,0.3091670299730585
2022-08-23,0.16934116773583155,0.4260485957003206,0.37243643276687777
2022-08-24,0.16433742987819386,0.42674265456152455,0.39154444630485263
2022-08-25,0.1652145362336049,0.43502315050036344,0.3967546283393091
2022-08-26,0.17106984345864462,0.4306646178657601,0.4009078693106826
2022-08-29,0.17106771275630897,0.40285683806727046,0.40418663524530174
2022-08-30,0.1701450735428055,0.46701789190827603,0.4085520483797708
2022-08-31,0.20188928130373274,0.47020573126261234,0.39300587863634745
2022-09-01,0.2051552181793972,0.47029277467720537,0.3694751202906335
2022-09-02,0.19598860317377678,0.4767145046671337,0.37273311558670913
2022-09-05,0.1938475252608637,0.4766020305096279,0.39135271632437263
2022-09-06,0.19705131772111886,0.47637599349530796,0.39905543788154757
2022-09-08,0.18211295203231034,0.47600789999677984,0.3948090553446702
2022-09-09,0.17346727081918298,0.47569025304826945,0.47604947306750933
2022-09-12,0.17763112197889855,0.4686385878426733,0.4623308058092906
2022-09-13,0.17824908610328427,0.4071331994740205,0.47031867354644025
2022-09-14,0.1764761121856412,0.41127728091545024,0.4686571501427462
2022-09-15,0.17192486753844602,0.4096664049167657,0.46743920638270253
2022-09-16,0.1718959612788301,0.4003924199238124,0.46055588836212785
2022-09-19,0.2148581532939888,0.39764732951526766,0.4724982738134588
2022-09-20,0.23484117186545933,0.3563966189180923,0.4737302776081585
2022-09-21,0.23423888862652528,0.347523461174483,0.4736258240524331
2022-09-22,0.24105442119098916,0.33998889494753226,0.4277329851552238
2022-09-23,0.2552388920420644,0.4011827047939256,0.41825762068332184
2022-09-26,0.2668204447580497,0.4048697385816414,0.41273084731066256
2022-09-27,0.26675713972601117,0.4060520986580567,0.4126530964231041
2022-09-28,0.26626528892149565,0.39101904091383405,0.4078692430764831
2022-09-29,0.2690124938411514,0.33991392002061627,0.3925866963668748
2022-09-30,0.24870251978695787,0.33247632285504714,0.4254924372848607
2022-10-03,0.3120109452220774,0.43151987132175246,0.42821824276164716
2022-10-04,0.3111144011076578,0.4375731497597158,0.4240134153250265
2022-10-05,0.309230340722225,0.4589520653271262,0.4133350670918845
2022-10-06,0.31587055982375595,0.45353978253464755,0.4120762666538527
2022-10-07,0.3132601113933287,0.4517412900460279,0.4118780731988784
2022-10-10,0.317480507536772,0.4542738248781449,0.3407749889778916
2022-10-11,0.31806146999657997,0.4535947025864749,0.3416923921655289
2022-10-13,0.31606197820198806,0.44920873910594167,0.3326266800803821
2022-10-14,0.3152489731443666,0.4528369721977221,0.3478403807817177
2022-10-17,0.31563392887764896,0.4526981817773662,0.3453402766754837
2022-10-18,0.3223611593765866,0.45580806436607,0.34784235470522845
2022-10-19,0.30102724024198096,0.4660690270648924,0.3340775420772376
2022-10-20,0.2852510048128877,0.4707305370276312,0.3320796927911573
2022-10-21,0.2995323311861081,0.47882186716011504,0.33928203818775926
2022-10-24,0.3416504574158912,0.5983417906068972,0.35135015783900553
2022-10-25,0.33477760327262784,0.5533947624823436,0.3420395056625179
2022-10-26,0.33465694449624217,0.5552267702443553,0.3487925191744123
2022-10-27,0.33806618147722167,0.5546134798782294,0.36997806238064407
2022-10-28,0.3382242554628385,0.5539382079346754,0.41046825648260077
2022-10-31,0.3474302344874368,0.6420998573513876,0.41064545226273497
2022-11-01,0.3474618873988591,0.6395570904182333,0.3819012168098877
2022-11-03,0.2852226039541721,0.5759047955126249,0.3783750032211917
2022-11-04,0.28537802496941017,0.6005576636304469,0.45582690318438557
2022-11-07,0.29716624989585566,0.5931226306316305,0.45137018395586453
2022-11-08,0.2900806133240126,0.5763607758877923,0.45949108714234593
2022-11-09,0.3372200392400755,0.5758394577518524,0.4608550083120655
2022-11-10,0.3411748595597918,0.5795154725755106,0.46073450784156583
2022-11-11,0.35694512236746917,0.5994563186921228,0.5720885181737687
2022-11-14,0.3568433853708232,0.5978204443116005,0.5660708220609572
2022-11-16,0.3585296258749751,0.5985946374576016,0.551203123068715
2022-11-17,0.3577728681242457,0.5988504424165313,0.5504888096266879
2022-11-18,0.34564002896785245,0.5861829290094029,0.5630479219043907
2022-11-21,0.3462776887873125,0.5643108553039557,0.5628327151793612
2022-11-22,0.3403800567254479,0.575104222467953,0.5622951782759827
2022-11-23,0.30932765094123876,0.550466754685946,0.555974783311463
2022-11-24,0.3120250479056544,0.503897975639088,0.5417937844128308
2022-11-25,0.33034641830860134,0.5031897255815213,0.5432328654251363
2022-11-28,0.32850034473775,0.5143368723360421,0.5399464996057726
2022-11-29,0.3212498872984187,0.541710741822275,0.5299121420517396
2022-11-30,0.32256473219842163,0.5780484067132029,0.4857374137326441
2022-12-01,0.29796787759249727,0.5125508017931875,0.4827323282900302
2022-12-02,0.3048187715194257,0.5154101355565353,0.4784351481061409
2022-12-05,0.31487563836611926,0.5154946699520959,0.4577801541472143
2022-12-06,0.33041983874950853,0.47896810145865637,0.40077818564773077
2022-12-07,0.32531490866543816,0.45819119720713714,0.42842572702160664
2022-12-08,0.3404773221091231,0.4638916111707285,0.4213120745516446
2022-12-09,0.3057424212701166,0.46068326221401007,0.42417723307347166
2022-12-12,0.30239305091437846,0.4635592596199725,0.44378607788975605
2022-12-13,0.30947175233490576,0.45362794051528565,0.29137224814711205
2022-12-14,0.3113323075590125,0.515786590601916,0.29005809434837065
2022-12-15,0.31179959295115023,0.5279475122230688,0.2863813745913923
2022-12-16,0.31438717267350724,0.527962042137736,0.2938840425386552
2022-12-19,0.33330309056553914,0.5316351607278473,0.2748432689901091
2022-12-20,0.3361247459776056,0.5452257845051798,0.2700466452903977
2022-12-21,0.3330952189546243,0.4945420758466232,0.27013449747851404
2022-12-22,0.3318987959799691,0.49795969597355205,0.2710227741643626
2022-12-23,0.3111334216962062,0.5096000173328197,0.271059618352529
2022-12-26,0.29388838378183924,0.5065582169690775,0.26947627919845846
2022-12-27,0.2880190940194743,0.5023817839440554,0.2781823900456918
2022-12-28,0.2955079606220894,0.48307644412592293,0.25102425647458504
2022-12-29,0.29311386126973615,0.44806548362272186,0.2472886960384447
2023-01-02,0.300369245251758,0.48229948059659644,0.24735845208725452
2023-01-03,0.30204832115293345,0.4827451566222949,0.2469047152889078
2023-01-04,0.28716773887579905,0.5002626602137217,0.2467354346616131
2023-01-05,0.2968718600284303,0.519320031023238,0.24829693705792302
2023-01-06,0.3029641089889255,0.5186033083252582,0.21060110004210272
2023-01-09,0.27514271491784636,0.5143463092811401,0.2087988171086504
2023-01-10,0.27832619667000175,0.5157171935804504,0.18333025911809755
2023-01-11,0.2785869996865207,0.5033291515279877,0.14120707435738872
2023-01-12,0.24182415526733086,0.4963914916005077,0.14127464561767925
2023-01-13,0.24451771850931456,0.3889437838880142,0.14072553773306504
2023-01-16,0.2506069194009912,0.39370748849413256,0.15770092134082006
2023-01-17,0.25595027652474894,0.4378201133335276,0.14110208743708944
2023-01-18,0.2445835475704306,0.4449491026843491,0.14237445488181683
2023-01-19,0.24379345465870633,0.4462775642688366,0.14237280932120283
2023-01-20,0.254840898912653,0.44501944794386483,0.14236994821276108
2023-01-23,0.2803303560229329,0.44441687207003067,0.13791230216892078
2023-01-24,0.2769225876452597,0.42047218600107916,0.13932732439398007
2023-01-25,0.26654310595512004,0.4202069003241805,0.1394458553987903
2023-01-26,0.266609070558873,0.43227571181282537,0.13170578479514902
2023-01-27,0.26940368127770464,0.439205502795391,0.17164258432629242
2023-01-30,0.2693295759622727,0.43647128638067545,0.17260408158896706
2023-01-31,0.2643848499383748,0.35772994822037546,0.17453750853127917
2023-02-01,0.25722819612894854,0.3467492622331673,0.18046749826827133
2023-02-02,0.2584232859293196,0.38177285736766153,0.24904580318137032
2023-02-03,0.23732455466843927,0.36462000452802584,0.2414862630012298
2023-02-06,0.2295754547138053,0.38547947779569475,0.2365891966647342
2023-02-07,0.2413750871777893,0.38701572416491353,0.2383629827285819
2023-02-08,0.3653124519937983,0.38928604818425444,0.2335554441254407
2023-02-09,0.37142536325969694,0.3900154277150842,0.23356679477394068
2023-02-10,0.36855643374918823,0.3993664277096249,0.23775653180804643
2023-02-13,0.387310943374885,0.3987267362919703,0.2373939886903954
2023-02-14,0.38797314227061414,0.3886997972921495,0.2340253484442324
2023-02-15,0.3848851305771784,0.3338306068720377,0.24875121231717232
2023-02-16,0.38089563290522427,0.32581100324252293,0.24344416596146065
2023-02-17,0.38115390771964575,0.3140738928437904,0.24508219441012663
2023-02-22,0.38173312588234126,0.32075033582980933,0.2446846921811798
2023-02-23,0.3639803994052421,0.33393362943196303,0.24345940793321671
2023-02-24,0.3806217895570736,0.34385551011317994,0.24546400478819425
2023-02-27,0.38312606911508745,0.3424353802853324,0.24041964171846691
2023-02-28,0.38284807169949736,0.35241194910254636,0.22629913786311373
2023-03-01,0.3796687149516591,0.3430137114974734,0.2744469288538142
2023-03-02,0.39704739659143246,0.3536512270211451,0.27446030588295084
2023-03-03,0.39243310359771766,0.3828093301290345,0.2752620310905717
2023-03-06,0.3990913889395732,0.38137870832005766,0.29731372948863816
2023-03-07,0.39778105467943176,0.36218789312006755,0.25330409305954527
2023-03-08,0.40016625751866325,0.3628237280570884,0.2562460440583812
2023-03-09,0.40572941356937203,0.3357560694698982,0.2566088353560976
2023-03-10,0.4063447240892329,0.33798383301794666,0.2549284909746544
2023-03-13,0.28339518251050744,0.3476296914669082,0.25513903574566915
2023-03-14,0.2740359283273864,0.35119901152727145,0.2578876321243722
2023-03-15,0.2740933189446693,0.33107112659477006,0.2713150700493074
2023-03-16,0.24749732809714187,0.329510075375337,0.2720152085799673
2023-03-17,0.26024915128113,0.33491612323870495,0.275365356700839
2023-03-20,0.25148026862379624,0.33991123152321817,0.26498505937897554
2023-03-21,0.26401812897049637,0.3512017711044908,0.2654073422901969
2023-03-22,0.26387150928640585,0.3498932140348093,0.26513423465007946
2023-03-23,0.26869041893568385,0.3478236365367937,0.27700456534712525
2023-03-24,0.2760706903528478,0.3231631321177141,0.2784026147186346
2023-03-27,0.27061374793049753,0.3269956745986301,0.27019517718667774
2023-03-28,0.2696485460125489,0.3326479265322545,0.2739719364533544
2023-03-29,0.27220223650534425,0.3187137753944465,0.27935159956570904
2023-03-30,0.28525078142199534,0.31882768128472505,0.23384555688630196
2023-03-31,0.2587592185416549,0.3149411851251396,0.240112448193693
2023-04-03,0.27891763571767897,0.3172321469297017,0.2391702118912591
2023-04-04,0.27636231702531994,0.31474152179350257,0.22806402658887392
2023-04-05,0.276196778595195,0.29506798284403934,0.23050369457762496
2023-04-06,0.2725810851698518,0.29369002542068523,0.22578440216704523
2023-04-10,0.26668252727383107,0.3048795259656078,0.2374225078455162
2023-04-11,0.2717185367393804,0.34272153176895653,0.30297359006104235
2023-04-12,0.26604458828358574,0.32081297389387714,0.31123424487174234
2023-04-13,0.2650968655370925,0.31164388426763034,0.31142879727603107
2023-04-14,0.26603481991443967,0.30149183734859747,0.29551105457591065
2023-04-17,0.2638353120680679,0.3013987281992993,0.29699048413663814
2023-04-18,0.23536781057633055,0.30796293758363513,0.29518924983387607
2023-04-19,0.24682176851193635,0.3190410690288911,0.3067778794530576
2023-04-20,0.24026408582153852,0.31531173675842056,0.31201786272789966
2023-04-24,0.24211510724521473,0.31634335092020943,0.33034977464876364
2023-04-25,0.21850258031713543,0.29987558148381954,0.3315896303215953
2023-04-26,0.2222786859284707,0.30719043725310097,0.33270587408623226
2023-04-27,0.22266741873541773,0.3245268259681098,0.34491396268116226
2023-04-28,0.22268056868676114,0.32734218676890275,0.3440755348078575
2023-05-02,0.26802355438704134,0.3644870799343549,0.35845290161847543
2023-05-03,0.2518846647094748,0.36525485507446526,0.34845463114470143
2023-05-04,0.25280250653959424,0.3560666361299806,0.356032657407414
2023-05-05,0.258538283799231,0.3537803290575142,0.38224897402556135
2023-05-08,0.2546516908318524,0.35439824299977646,0.3802378812297204
2023-05-09,0.2543032812515327,0.3544015453463556,0.38214198779009834
2023-05-10,0.25557033393331,0.3479743075981056,0.38552169922547924
2023-05-11,0.2553071007952581,0.35944639407196194,0.37853497436406247
2023-05-12,0.2391502265702748,0.34339993384118817,0.3161608485322991
2023-05-15,0.23874690154325784,0.35823069946379926,0.3226155733812536
2023-05-16,0.23946814720341314,0.36443057258953787,0.3253079091652212
2023-05-17,0.23719114705903505,0.3792228760656674,0.3538668321191568
2023-05-18,0.23764962672603315,0.3771734581596212,0.35392538819068775
2023-05-19,0.24012184544484041,0.3696156042748224,0.3509030121863732
2023-05-22,0.2433519561908055,0.3482911080408964,0.34252432937450056
2023-05-23,0.24433407083743616,0.3552391091642898,0.343618514229559
2023-05-24,0.24272853228618915,0.35358401827447183,0.33077437087504064
2023-05-25,0.26186758396469473,0.35487265680350905,0.320208830530566
2023-05-26,0.2604320010226143,0.350370639954894,0.3320677179309673
2023-05-29,0.2561529679398615,0.33484763036768594,0.32090088614727075
2023-05-30,0.2619661492301561,0.33518888539822156,0.3242074303380112
2023-05-31,0.21972762311295996,0.2958954281050089,0.2989565627632523
2023-06-01,0.2229277218515874,0.3056626099619915,0.31080780776898576
2023-06-02,0.2257229361670989,0.3044477187418931,0.32848353953730164
2023-06-05,0.19184909535196343,0.2789679459790992,0.30917990371442483
2023-06-06,0.1880629361321601,0.27888044401858814,0.3051444920074558
2023-06-07,0.18748000926247574,0.2890897810456741,0.3083962416927481
2023-06-09,0.1867684246656636,0.3177855613240243,0.3019906669168579
2023-06-12,0.1891383939256159,0.30484983929391674,0.3009569855545997
2023-06-13,0.18896123205234489,0.2955813916593075,0.3034021457694505
2023-06-14,0.19338588934700646,0.29720902451486797,0.30544740959874245
2023-06-15,0.1959224509952574,0.3153341505095792,0.2969084831641843
2023-06-16,0.19421093735033126,0.2917221005559644,0.27436534160628223
2023-06-19,0.1964151574755047,0.29650016438685334,0.2745986227679534
2023-06-20,0.1925149385893123,0.2939275739832477,0.28666888922520484
2023-06-21,0.17442115014260653,0.3044268451196518,0.28340932037506933
2023-06-22,0.18133522665320176,0.31447026239934006,0.27253505172116904
2023-06-23,0.1798009995135186,0.3645056592085514,0.2623517357207344
2023-06-26,0.15239479498120945,0.36218748553416974,0.26204661732336487
2023-06-27,0.15589703744447175,0.367375763297233,0.2533748768934927
2023-06-28,0.15665330176553813,0.3641105109627449,0.2762358267562084
2023-06-29,0.14724264797666242,0.35650231961507106,0.2663934605249929
2023-06-30,0.14287023351406464,0.4079082155224988,0.27470281334350305
2023-07-03,0.1482147154871376,0.4011227794750935,0.28595792417296856
2023-07-04,0.1477036396114961,0.40164571192192855,0.24432460960243496
2023-07-05,0.1487583084201936,0.40277978092681493,0.24453062378963297
2023-07-06,0.161407542943609,0.40704459989530273,0.24466701336982155
2023-07-07,0.170775633792821,0.3996172835561939,0.23983051646420916
2023-07-10,0.16968016206612124,0.3667465918064586,0.24403153250346266
2023-07-11,0.1779833722423367,0.36595724893726916,0.26562030308988643
2023-07-12,0.1768247036664961,0.36585914680508264,0.2640859978270568
2023-07-13,0.1747123210193091,0.3384646548474501,0.26954492633695193
2023-07-14,0.17354656277442712,0.33521655128166145,0.26794969813735187
2023-07-17,0.18577684140853942,0.3336258993742464,0.27022577334067527
2023-07-18,0.1924547011107857,0.3189926557970953,0.2706640626770052
2023-07-19,0.19544672746115868,0.32065304115269255,0.2554015484150784
2023-07-20,0.20379363080620908,0.27983581970231486,0.2529722160074517
2023-07-21,0.21088612190414882,0.28891505906609233,0.25282212146601835
2023-07-24,0.2181948989583428,0.2622133100178019,0.2682869663840034
2023-07-25,0.21828690126686975,0.26279645684169617,0.2848628701313702
2023-07-26,0.21514718755243312,0.26116629138062186,0.2845556885113844
2023-07-27,0.22896767765239867,0.31865448533957225,0.26691798991930277
2023-07-28,0.23103280331547982,0.32201563382577264,0.30601981564509173
2023-07-31,0.23111860158776804,0.31141297349501235,0.30378220020888136
2023-08-01,0.22084580490117334,0.3123837037825166,0.2925025512119528
2023-08-02,0.22007147033243998,0.31251195997128534,0.29826080966214985
2023-08-03,0.2190456967361388,0.31518727600819235,0.29665673278867194
2023-08-04,0.22221420703967393,0.3289269158013287,0.29496094891778435
2023-08-07,0.21104726116969502,0.32883573801689114,0.2939678099867016
2023-08-08,0.21052276121246008,0.328828794869617,0.2890080422559717
2023-08-09,0.20294224163555263,0.3251440024220807,0.26945005430182994
2023-08-10,0.20293464236164466,0.325317212960333,0.27136247473920183
2023-08-11,0.19853629619567206,0.3219792717898516,0.2582696090819265
2023-08-14,0.20130339512779705,0.3125730376834588,0.27189988732733306
2023-08-15,0.18646142274466215,0.312493620338147,0.2714950929209823
2023-08-16,0.1763778823443741,0.3174173065282239,0.2712948326626183
2023-08-17,0.17718120874402196,0.31786717502029926,0.2778487367122186
2023-08-18,0.16510989701840903,0.3177513810890191,0.27885375103351034
2023-08-21,0.14761329814963345,0.314979239132662,0.2773536480908394
2023-08-22,0.15458838717770032,0.3115159670805567,0.26513834490257815
2023-08-23,0.1620724673497012,0.3495995505853068,0.2382036644848681
2023-08-24,0.1633811944875708,0.34984491765131726,0.23992664153292534
2023-08-25,0.1545181838566503,0.2857650232693317,0.23505715060376897
2023-08-28,0.1894522887312297,0.28541180395422105,0.20433017235744874
2023-08-29,0.1978740977542587,0.2484761921940752,0.2197587435396998
2023-08-30,0.20749161495980253,0.23741865778827798,0.2151005666635674
2023-08-31,0.20885272926112064,0.25291308710263904,0.2076377428127113
2023-09-01,0.2109049616222805,0.25842890279062125,0.28619995734947073
2023-09-04,0.2036149090663484,0.2329761904875576,0.28664401106743426
2023-09-05,0.2082259589195543,0.2518916120505019,0.2875177028542031
2023-09-06,0.21031003246457994,0.25121042634642154,0.29314033010634377
2023-09-08,0.21040372441960412,0.253666911256775,0.2997181180862195
2023-09-11,0.22905292586233145,0.2548463429653086,0.29890410214486285
2023-09-12,0.22991579460384573,0.2531689819814768,0.2965517617185717
2023-09-13,0.22424337302881328,0.2634784871839445,0.27739513066740357
2023-09-14,0.2237465393071922,0.272221015969827,0.29908036120560194
2023-09-15,0.22394113221318102,0.2667835623646102,0.3013646701406948
2023-09-18,0.21949936125010838,0.26508356781315334,0.3062126163255329
2023-09-19,0.21868136721116802,0.2651144039910247,0.30080775283343936
2023-09-20,0.22462304563593308,0.26143208514588795,0.3004177467011076
2023-09-21,0.23458353062402054,0.2696244787671401,0.3151267465401578
2023-09-22,0.23032148677700148,0.20877395525457682,0.3151351954683475
2023-09-25,0.22710903980773642,0.20862073056251645,0.32114578385059894
2023-09-26,0.22628931490313917,0.22551079285000372,0.3274265578320273
2023-09-27,0.19118740935561948,0.24535457716319042,0.32468180594258933
2023-09-28,0.20575254085828595,0.24599001014498767,0.3106835525561776
2023-09-29,0.19488578159475906,0.24577950583025773,0.31333613951903894
2023-10-02,0.19523003513289078,0.23926722032890085,0.31549980624685126
2023-10-03,0.19687226745833997,0.231044067277961,0.24296943498339263
2023-10-04,0.21134637237087994,0.2713471480952512,0.24261021679799455
2023-10-05,0.2102451903778114,0.2448896720374372,0.2427179387832408
2023-10-06,0.20766777114721818,0.258711267116376,0.2437696620826145
2023-10-09,0.21124642560141751,0.2963785093779932,0.23596656921271228
2023-10-10,0.194054672343029,0.2966957833511612,0.23124085475161485
2023-10-11,0.19764148800856515,0.2970912280521704,0.23346086909483282
2023-10-13,0.2010116747645613,0.30777809562165254,0.23645728270390984
2023-10-16,0.20040336377692225,0.29961446296082306,0.18994566302149155
2023-10-17,0.20738911143534491,0.30952173751952006,0.19155296510131908
2023-10-18,0.21987901116564604,0.3152366141584842,0.22669149819352621
2023-10-19,0.22380231957845503,0.3171307898428009,0.22987420114449308
2023-10-20,0.2153583022179466,0.3233077250991215,0.24149212425964336
2023-10-23,0.20004676230011958,0.40606367579390923,0.22834643741897281
2023-10-24,0.19981904793536262,0.408004870692759,0.24318914432246883
2023-10-25,0.1996583221648442,0.40788386965732853,0.23433136585182734
2023-10-26,0.2087410679928669,0.3999203708918358,0.24176396927860364
2023-10-27,0.2165074164553737,0.3878887228917496,0.26952301650147453
2023-10-30,0.19908790203888532,0.389791271815061,0.26639963466953
2023-10-31,0.20170870256101078,0.3910796653350093,0.2657713473206814
2023-11-01,0.2052253372522469,0.3886595892146532,0.27025445659375413
2023-11-03,0.21910800875453254,0.3897027732526633,0.270597438497658
2023-11-06,0.20808739856478176,0.357851712304312,0.2658236155145049
2023-11-07,0.22186703929000656,0.36504636357882947,0.27838192810175916
2023-11-08,0.22054488136332467,0.3667397419515729,0.27526110903749484
2023-11-09,0.2171852168185766,0.3431437054540389,0.2731890979272245
2023-11-10,0.2190012701668615,0.34235414880433906,0.27637145984142353
2023-11-13,0.2189241547046136,0.3558830548747674,0.2762513932763438
2023-11-14,0.21782491556757272,0.3403547666435301,0.28699446080349894
2023-11-16,0.2218043949270593,0.34297469913410267,0.2863063069511141
2023-11-17,0.21057860249537766,0.3491030636129751,0.2861471013891237
2023-11-20,0.18797717226558752,0.33862168195084236,0.2504512068661759
2023-11-21,0.18921287133150833,0.3397149644420719,0.2437465300335348
2023-11-22,0.18586836630700804,0.3384703182188024,0.2164689736807726
2023-11-23,0.1869339319443364,0.23623994580400293,0.21998631151663853
2023-11-24,0.1902666774700197,0.2313335509795277,0.2233459285227045
2023-11-27,0.1921505715805201,0.23190368282969606,0.22660932146995547
2023-11-28,0.18066283115496978,0.23361625949708445,0.22214593329457336
2023-11-29,0.16517651123754445,0.23538679985699001,0.20013294463230522
2023-11-30,0.1593626630936988,0.2388281464625515,0.19971306944232642
2023-12-01,0.1513025789102289,0.2370227127067057,0.20363332632846404
2023-12-04,0.15107299948063613,0.24985062612330558,0.21964099601342338
2023-12-05,0.13238674854841206,0.24776852078152214,0.2214811958442928
2023-12-06,0.141652529685363,0.2796557061456363,0.22361414325143705
2023-12-07,0.1185162914144941,0.27378867601395157,0.20868992528363334
2023-12-08,0.12172385459192858,0.2831677279459843,0.20851197596968918
2023-12-11,0.12845522225891254,0.27581561165385043,0.2085848705468828
2023-12-12,0.129394869990028,0.2770280840870715,0.20384265535435322
2023-12-13,0.15262609484146936,0.2644919562446502,0.20336809747247755
2023-12-14,0.14910656734632793,0.27077514145568804,0.17671690772353293
2023-12-15,0.14685637403430268,0.2625211500094804,0.17657499041070637
2023-12-18,0.14687196727269466,0.24171546308051856,0.17696911743162894
2023-12-19,0.14580091341614312,0.24453665967565388,0.15806145632500104
2023-12-20,0.1527724112443943,0.24095830376111133,0.13374583613916188
2023-12-21,0.152921547341217,0.24075790393434868,0.17294290436446955
2023-12-22,0.15785073241845407,0.24224550048992097,0.17369980461774506
2023-12-26,0.1551826885096981,0.24696196164595663,0.17013198778159094
2023-12-27,0.1529278924958248,0.24520095263426653,0.16966640603212813
2023-12-28,0.15226895456073022,0.24208002999749664,0.17061104954334613
2024-01-02,0.16392657123593785,0.2410930129566387,0.17103381629993522
2024-01-03,0.16643385018677137,0.25373565447325874,0.17252565158800492
2024-01-04,0.16876143375684471,0.25475680064385164,0.16919836079630068
2024-01-05,0.18308847658971267,0.23769812256252112,0.15524696413756742
2024-01-08,0.1886989017103631,0.23938464984934693,0.15249819181599894
2024-01-09,0.18448467784889067,0.19359257319132583,0.15769802989011916
2024-01-10,0.18258990425674243,0.19876360660968773,0.16645926746095324
2024-01-11,0.17886044268397186,0.17591013558480464,0.16724768841211685
2024-01-12,0.1759848562483659,0.17340249720697493,0.17279705929437245
2024-01-15,0.17394805014406964,0.16753760749174298,0.17258605738889357
2024-01-16,0.1527336629896681,0.17616238558547292,0.17754281794505083
2024-01-17,0.15016993089306108,0.1684799389303771,0.18444785709382658
2024-01-18,0.15016353464694093,0.17035027789163645,0.18167257968540254
2024-01-19,0.14944394629710597,0.16916471431102867,0.18233346419017799
2024-01-22,0.16011598949289804,0.1661163302769949,0.17783021701398297
2024-01-23,0.15711113876479543,0.1700178898367452,0.1979480801309753
2024-01-24,0.155894627263526,0.1733663460248376,0.15694202845924338
2024-01-25,0.14423887876319835,0.20924151052804804,0.17188483451259295
2024-01-26,0.14963551697563168,0.21022880809971137,0.18975915495085932
2024-01-29,0.14731915308646987,0.2139728748326029,0.1825291659948972
2024-01-30,0.14726703363839466,0.21546060789077037,0.18225260473607294
2024-01-31,0.14843750026672256,0.21360342308326807,0.1846040506712645
2024-02-01,0.14399184303260748,0.1988027126959841,0.18465511390058267
2024-02-02,0.14246483258812917,0.20275099256555112,0.18972341992590155
2024-02-05,0.13401584854933382,0.20280617953721233,0.1884595179925899
2024-02-06,0.19402202775045865,0.20015939882777972,0.2057024590858521
2024-02-07,0.19649733986833412,0.19818397305540994,0.2051587491879593
2024-02-08,0.21023242762518468,0.19719961564880184,0.20218493110437755
2024-02-09,0.21416289664838556,0.20665093520252406,0.19928014311245382
2024-02-14,0.2142137634216219,0.21038974371264033,0.19710453429063127
2024-02-15,0.2156349283575033,0.2307798163976428,0.19697766662474647
2024-02-16,0.20824153733601639,0.2228595885833231,0.24080635480800722
2024-02-19,0.21029603021939083,0.21913078506827577,0.23444921493584267
2024-02-20,0.21834051266815444,0.22400283612650024,0.2451623901258255
2024-02-21,0.22081252084840022,0.2210604839397595,0.24391146184492654
2024-02-22,0.21137525271160312,0.2259376252610596,0.2468976594858229
2024-02-23,0.2114023067867092,0.2282415858427619,0.23533868552984408
2024-02-26,0.2091316534971409,0.2289088386885752,0.24462714367906704
2024-02-27,0.20938649664582587,0.2009566627692279,0.25040793392941235
2024-02-28,0.20685299346744887,0.2756518738135734,0.2422434263917813
2024-02-29,0.22865410008447218,0.2715859130192767,0.24278079115451393
2024-03-01,0.22582038479028835,0.27083368642340283,0.2423183798394
2024-03-04,0.2278224078383563,0.26792217160607723,0.23727431926817383
2024-03-05,0.22748266665441072,0.2573915804927665,0.2409348958686929
2024-03-06,0.22896499653674696,0.26645500120842214,0.2352669539576034
2024-03-07,0.22699714320266579,0.26846644300373174,0.23340009583955817
2024-03-08,0.17756431794901742,0.42132946931088466,0.22676238571633525
2024-03-11,0.1758135114281344,0.42164157969564653,0.25068130134544564
2024-03-12,0.1583602814372847,0.4441745984266366,0.24994834347173214
2024-03-13,0.15635936537086845,0.4439007963015041,0.25140440232464667
2024-03-14,0.15647375211803544,0.4439003299700099,0.25445782661983424
2024-03-15,0.15688487372923873,0.42416767095272895,0.25659983766343186
2024-03-18,0.15680786866496135,0.4209966165193405,0.22702831312120952
2024-03-19,0.15320468717601668,0.41851430902425113,0.22972962030889163
2024-03-20,0.1345076375902685,0.42762446424648526,0.21999566888672656
2024-03-21,0.1381574954448456,0.4322917601861048,0.21778921431775808
2024-03-22,0.14548610844337073,0.43681035563477916,0.21576491830157005
2024-03-25,0.14503268547262615,0.44380243799586583,0.2150238476527238
2024-03-26,0.16063507268157973,0.43433309762921485,0.2036391625423831
2024-03-27,0.15609902566997758,0.4372678608633479,0.18137754043856166
2024-03-28,0.15619640646813582,0.41514673251880696,0.18041253290958315
2024-04-01,0.17803961291408216,0.41680731719305036,0.18176564504999873
2024-04-02,0.17733281884524146,0.42823895005423634,0.18804680746215677
2024-04-03,0.1772491527582024,0.42838922526743334,0.1932972470159527
2024-04-04,0.18277759183776923,0.4296507344764506,0.19192197308037906
2024-04-05,0.17753484835335978,0.4211913231123588,0.18547556848925875
2024-04-08,0.18320381014426182,0.42422025635299354,0.26931946184121763
2024-04-09,0.1841494650977188,0.25268162317595655,0.26900498822525737
2024-04-10,0.19668247592827423,0.23335460997654528,0.2506236350724325
2024-04-11,0.19558021027904315,0.21457044436294234,0.24980085764026935
2024-04-12,0.1928070604890584,0.21227614481477383,0.24940183856463966
2024-04-15,0.1987088787891185,0.21141543461790693,0.24536381860178907
2024-04-16,0.1990744617330009,0.21138533524274675,0.24384841721335082
2024-04-17,0.19773241955217113,0.21129973028577156,0.23806286700753956
2024-04-18,0.19767184852675537,0.20720675751662818,0.23684888511518626
2024-04-19,0.19654541472322534,0.20690888973430632,0.24213314273989645
2024-04-22,0.19564193349417258,0.1804363331277479,0.2418603782227277
2024-04-23,0.20207155843555452,0.18284967800217222,0.24014264779945174
2024-04-24,0.20196740273669533,0.1840296575697048,0.24267703651395742
2024-04-25,0.18499401648723174,0.18569256509170398,0.25095079912429713
2024-04-26,0.19575451128979043,0.18716825746156687,0.24953440384931008
2024-04-29,0.1954142786384833,0.18057908897042607,0.2645631724863599
2024-04-30,0.16990138217436965,0.1839309395414163,0.2672627706543568
2024-05-02,0.18004151439903296,0.17072490791849873,0.26648158079118167
2024-05-03,0.18616614081289454,0.178592803297346,0.2601057864827203
2024-05-06,0.18275095199776717,0.16800542023129533,0.2554702954671775
2024-05-07,0.19657346114844393,0.1689489340396045,0.25057463188498486
2024-05-08,0.19087056887581735,0.1697354941707498,0.1782594784443961
2024-05-09,0.2142053206258264,0.16943957212962563,0.17782358472231188
2024-05-10,0.20648842096916548,0.16280337710642115,0.16820254757002218
2024-05-13,0.21081788734771417,0.156844175582751,0.1685771337982252
2024-05-14,0.20994281025056638,0.17038376214220055,0.16756152744686842
2024-05-15,0.19963945907192301,0.2898784261783316,0.1679661228910949
2024-05-16,0.19748486240739302,0.3099060373729537,0.1642185035885836
2024-05-17,0.19752337943811119,0.3140274096192037,0.17207587922482742
2024-05-20,0.1983564070421187,0.31401652934580715,0.1724710975623034
2024-05-21,0.1980963806157019,0.30756871069952674,0.16635157794182276
2024-05-22,0.20727243962545508,0.29907300970733286,0.16966210386625571
2024-05-23,0.2042452315404459,0.3003971721965862,0.1678220807700444
2024-05-24,0.20657786122205954,0.3004951957205918,0.1633025460347148
2024-05-27,0.20595434643616267,0.2895653442852256,0.14150991246886094
2024-05-28,0.19770539989698963,0.2957713306989436,0.16434404118909698
2024-05-29,0.19737515118967955,0.29110885282254645,0.14049467431432622
2024-05-31,0.18949289672449657,0.3095523021988032,0.13655758150177172
2024-06-03,0.18901919944642434,0.3091139341108428,0.14991758330081037
2024-06-04,0.18371410906301808,0.30847339353341263,0.1525118541459233
2024-06-05,0.18189184625722804,0.3070755215055014,0.15696870907957403
2024-06-06,0.17180004337010785,0.3037132537436686,0.16456766636039943
2024-06-07,0.17443301027841623,0.3199857428742198,0.1671424833181148
2024-06-10,0.14391158193956385,0.32368462883868826,0.1696640595664576
2024-06-11,0.14363874751739134,0.3251597042499384,0.16968103947300422
2024-06-12,0.1346304312523263,0.32980414936575325,0.17114395167248925
2024-06-13,0.1286587541223313,0.327160415457018,0.17856788246240135
2024-06-14,0.12889736307682517,0.26233138731498695,0.17857889082864636
2024-06-17,0.15990289912869923,0.24543859418814182,0.17471044972240105
2024-06-18,0.15977392687103747,0.2645182862429256,0.15700884883984073
2024-06-19,0.16322711224295736,0.2644820410262054,0.15855272823692784
2024-06-20,0.16383021502930958,0.2696712488623249,0.16480378133640844
2024-06-21,0.15792922088311884,0.266350968196639,0.1653615967517883
2024-06-24,0.16261973111543118,0.2652428995143192,0.16584708479756183
2024-06-25,0.15833490393504462,0.26416110240779955,0.16535217583911954
2024-06-26,0.15782578303929795,0.26213209349613453,0.1726486517276519
2024-06-27,0.1559201985224586,0.25827854228055425,0.15917303451603473
2024-06-28,0.15304898147650436,0.259459910317447,0.1616195136891145
2024-07-01,0.14859890658351194,0.2476495469826729,0.1702600909109396
2024-07-02,0.14757432726136985,0.2470042504018485,0.15249905175025805
2024-07-03,0.14813915338675748,0.2519632735224762,0.16020123161626035
2024-07-04,0.14738098752027237,0.2571013538503994,0.15107542627003862
2024-07-05,0.1427787602830601,0.25725208801904853,0.14711373072327408
2024-07-08,0.1311286350101557,0.22890609493725028,0.14137910488391087
2024-07-09,0.12620112057445856,0.22506219695289909,0.13808209838007962
2024-07-10,0.12571472950297446,0.22867289733904272,0.14741577169116546
2024-07-11,0.12481983978567869,0.21197523079384806,0.13803047835698998
2024-07-12,0.11890007000338061,0.2084975966560367,0.1412966426738754
2024-07-15,0.11764384740240925,0.18693604900284486,0.14011365639903456
2024-07-16,0.09271397802753542,0.18874602177760325,0.1452851999253584
2024-07-17,0.09536003537170275,0.16313231227672365,0.1495166790815974
2024-07-18,0.09834614058952552,0.16392461175571815,0.15338817638169677
2024-07-19,0.09247757510729455,0.1576630520652028,0.15006721092868588
2024-07-22,0.09290782573072663,0.17605305356167159,0.1464423428938168
2024-07-23,0.08536119270777291,0.1801405762593869,0.15384131384071362
2024-07-24,0.08653185226729267,0.18191794900268013,0.15491795445938564
2024-07-25,0.08856128287957428,0.18205564324943466,0.1482859136002898
2024-07-26,0.09020022724624045,0.17275126560130719,0.15733513811856156
2024-07-29,0.09063667268285404,0.18299531045894604,0.15263962085382254
2024-07-30,0.08968556519255438,0.17326562276200697,0.15996075637146362
2024-07-31,0.1002641128135096,0.1906936259349955,0.18242979870327777
2024-08-01,0.11375879330067648,0.18848497630760738,0.18092495859135113
2024-08-02,0.12281571984782787,0.21023821250466054,0.18484615762370687
2024-08-05,0.12280103361584896,0.20857369497565242,0.18493360114226448
2024-08-06,0.14393881422817328,0.19848639588505543,0.18649375065518767
2024-08-07,0.14252292749648576,0.198350890879007,0.18643663629573592
2024-08-08,0.13894890218436162,0.20680789413375272,0.18281540562561555
2024-08-09,0.1655646931896339,0.20611897829014644,0.1840876942906019
2024-08-12,0.16362055518437435,0.22297150270353253,0.1737606526444199
2024-08-13,0.18726717834848733,0.22048019019945814,0.17309019928464858
2024-08-14,0.20159884927550192,0.2301457915002105,0.17248182603641213
2024-08-15,0.20449809768582572,0.23600177921940835,0.17291915560246254
2024-08-16,0.20684936546327265,0.23643370778321682,0.17120260442005786
2024-08-19,0.2065361919473336,0.23598795878505455,0.18262534591599455
2024-08-20,0.20630737316582626,0.22529900888095808,0.1836113789375528
2024-08-21,0.20735860159188174,0.22130306646258785,0.19101797101397933
2024-08-22,0.2115728864406665,0.21994030399559325,0.18985332025326093
2024-08-23,0.21339614592479642,0.2211175861029977,0.1986498871787875
2024-08-26,0.21293552300659052,0.3274465416854338,0.19554058746438946
2024-08-27,0.21249224888702908,0.3218591800745369,0.22261855240892064
2024-08-28,0.2203534508371947,0.3214242878369998,0.20898589792130592
2024-08-29,0.21744442694836777,0.31876310742228664,0.19292673309843034
2024-08-30,0.21065527113596905,0.3113797308456946,0.17514762474668882
2024-09-02,0.20643506240561127,0.28917347411792477,0.17532260682326611
2024-09-03,0.20926926468620652,0.2948796564816404,0.22115648889966077
2024-09-04,0.20075128336519138,0.29183973203286123,0.2221826018970926
2024-09-05,0.20066857554322096,0.2934869308565627,0.22355668443904342
2024-09-06,0.20961326242831452,0.3010955322632529,0.226963637512473
2024-09-09,0.19466516329534939,0.2994767559665555,0.2265387259571186
2024-09-10,0.19493742446638646,0.29846129866884846,0.2296587128571999
2024-09-11,0.1737156651841063,0.29736617824499045,0.24954957371436437
2024-09-12,0.1598339145611547,0.29475936082893067,0.24820734759657487
2024-09-13,0.1501459869475566,0.289979486897483,0.24867647076802385
2024-09-16,0.14704208613597716,0.2939298426329397,0.24823164132693806
2024-09-17,0.14587869326227926,0.29428052564921237,0.24394253573827573
2024-09-18,0.1445975785767377,0.3055984067647424,0.24762277502929375
2024-09-19,0.14428319812075813,0.30553081474791266,0.24198331265126863
2024-09-20,0.14574429460821653,0.30519747485234605,0.2475171252948625
2024-09-23,0.14479550764864194,0.30701319133866783,0.24075802820485892
2024-09-24,0.1444483933687169,0.1712283850412235,0.2900465360141822
2024-09-25,0.15150462251306612,0.1710777481045952,0.2721262599420124
2024-09-26,0.1383165935710276,0.1722513347168448,0.33558784302095374
2024-09-27,0.1336727145815206,0.1719865122636767,0.33640719581167106
2024-09-30,0.1456503115166638,0.17107357006053703,0.338384026481437
2024-10-01,0.15404323244288562,0.19981290740193045,0.33253925697007125
2024-10-02,0.14384928788288773,0.2041923443535574,0.29548125529132185
2024-10-03,0.16210578387531568,0.20947295690260231,0.308127709114572
2024-10-04,0.15964503025614948,0.20865072063242623,0.310765717457068
2024-10-07,0.15744518961827977,0.20211967915083245,0.3050977817462293
2024-10-08,0.15444733219587667,0.21158905008217074,0.3291936078808619
2024-10-09,0.16420389854669085,0.20637384102689602,0.3251319456740456
2024-10-10,0.1660253353797115,0.21020947589148953,0.31330763447679255
2024-10-11,0.16428247142639402,0.20589205134597943,0.3151203290223268
2024-10-14,0.16680688313007963,0.20492788349987479,0.3156023198969956
2024-10-15,0.17353383570363404,0.20218981584171353,0.3198104089794855
2024-10-16,0.17409673959573252,0.20235204976053098,0.3238853753640977
2024-10-17,0.17412901155359103,0.18425814615747033,0.3353989552383077
2024-10-18,0.1755454076540255,0.1844936418391031,0.3342398301540409
2024-10-21,0.17264489995013227,0.19326806032524188,0.3291468182606727
2024-10-22,0.17199862514537467,0.19005237969139355,0.3291564967780463
2024-10-23,0.17368663145385796,0.19349369751595547,0.29138420092135875
2024-10-24,0.17078653088435958,0.1931577251684122,0.2917466593025206
2024-10-25,0.1675050677649414,0.18029028999374136,0.23563294726942025
2024-10-28,0.17332254394983818,0.1798752297889763,0.24565109867785148
2024-10-29,0.1663722042768396,0.1797788470909491,0.24481869581182872
2024-10-30,0.15671514939271253,0.1525788785669598,0.2441072137741379
2024-10-31,0.15624865002086685,0.14289719554821403,0.24364178666397593
2024-11-01,0.13111509770339516,0.1385192053285729,0.2349213803715525
2024-11-04,0.13904579461014263,0.13983311176395402,0.2365573584556295
2024-11-05,0.17090482414090358,0.12553944695537247,0.23632439839409022
2024-11-06,0.1714808154544175,0.1110125035869977,0.21365653343928523
2024-11-07,0.16642113541335168,0.10953946544556985,0.24353625108405688
2024-11-08,0.17579690813257853,0.12294048609310777,0.29677439709638637
2024-11-11,0.17352233263644,0.12360995995331849,0.3122012151232866
2024-11-12,0.17761439610468127,0.14185612256743058,0.319955305470523
2024-11-13,0.17321990487852576,0.13939972508983872,0.3184034027542063
2024-11-14,0.172426713379671,0.14358201203691412,0.3080496782392978
2024-11-18,0.1723430385903942,0.16391021425418797,0.3031227614372605
2024-11-19,0.17473391223908583,0.16867273617561382,0.3035611311595165
2024-11-21,0.18353931480401187,0.15679497726520783,0.3035514350887968
2024-11-22,0.18385689353358742,0.20051374585310433,0.30613488831543856
2024-11-25,0.1818102371343312,0.1949161203409815,0.30062807441219164
2024-11-26,0.19208889937344711,0.19572851890119083,0.30223716267324335
2024-11-27,0.2061259866185374,0.1971959039486313,0.27900531913811655
2024-11-28,0.23195318341521007,0.20231539124550524,0.26894159152221975
2024-11-29,0.23081197852329,0.2019701991508562,0.2833534942372554
2024-12-02,0.23358350830666233,0.19995618908201743,0.28397558634401626
2024-12-03,0.23948008442198448,0.2003752604773595,0.28418263478899114
2024-12-04,0.24165968313284727,0.19339585064916437,0.289908646185956
2024-12-05,0.24968135449202974,0.1938926440043806,0.2887182331224296
2024-12-06,0.22764903766686073,0.20506803525534228,0.2920198986873552
2024-12-09,0.2302131866700799,0.21662160170911876,0.34905222666299635
2024-12-10,0.23512290248410528,0.2165305206567556,0.32436913591557076
2024-12-11,0.23444180922171243,0.21208058823108678,0.286319231748074
2024-12-12,0.24744895504769457,0.22705432555221788,0.2795140349015939
2024-12-13,0.24791244867184106,0.2239710936551615,0.2730716512222046
2024-12-16,0.24927708401279053,0.2249409482640179,0.27297635372813017
2024-12-17,0.2511840590605669,0.22453088898675813,0.27304468518474595
2024-12-18,0.26661199258925844,0.2321467173337364,0.28033937196855335
2024-12-19,0.2646559059760428,0.22924871177131684,0.2860940533904725
2024-12-20,0.2658481898344128,0.23141529770495067,0.29325481730329583
2024-12-23,0.27070858181398577,0.18418375288007036,0.29108693996692847
2024-12-26,0.2729488807162067,0.18576626732455714,0.2915779485011495
2024-12-27,0.26060645790087433,0.18594248918390896,0.28924798581548583
2024-12-30,0.25097841558438694,0.19316768967832962,0.2847633433103173
2025-01-02,0.2215996375337742,0.19668528534596846,0.2835872491086371
2025-01-03,0.2345129081486381,0.19933172071393707,0.27507749980838186
2025-01-06,0.2832313038943128,0.19885987849350015,0.27548497720752524
2025-01-07,0.2830751094735046,0.2099060139740575,0.275831949469674
2025-01-08,0.2866300255950803,0.21073546157355627,0.27130388048988874
2025-01-09,0.27461206200708693,0.20846171336029284,0.26729809154667966
2025-01-10,0.27016041224868864,0.20062102581271027,0.26617337854052875
2025-01-13,0.2710690698260595,0.18015497401030298,0.17286252708802527
2025-01-14,0.2651384634162845,0.1810607352689196,0.17793585017235464
2025-01-15,0.3062587468744404,0.18332118603530848,0.18821250951428428
2025-01-16,0.2940543751232103,0.17338566562240706,0.1693918470822258
2025-01-17,0.29152526408886653,0.17224082051250209,0.20800960986109973
2025-01-20,0.2900455742998823,0.17141435180908465,0.20817120880364265
2025-01-21,0.2897129399654171,0.16861839185053334,0.20721486776108702
2025-01-22,0.2689547708835958,0.14023745052274333,0.21002397826908253
2025-01-23,0.26918338069025,0.14210610656537417,0.20131338704798607
2025-01-24,0.26739593102271697,0.13975274761186274,0.19910163876088077
2025-01-27,0.266593500929996,0.146817718019392,0.20878301118015077
2025-01-28,0.2664351044835319,0.1459931165528428,0.22383256982480715
2025-01-29,0.26292141575700284,0.14770035117415753,0.22421055428243442
2025-01-30,0.2713631341640917,0.1460416798126679,0.2691004675969627
2025-01-31,0.2722509659723005,0.13863509579929773,0.2742311465092338
2025-02-03,0.255748437906005,0.13387932195992105,0.2656412929888874
2025-02-04,0.21419715363105787,0.138057970011286,0.26150287171171005
2025-02-05,0.21647530110154473,0.12051432720309413,0.2586764648971253
2025-02-06,0.20398229885310756,0.11719295185366432,0.258743534694619
2025-02-07,0.20812151561176834,0.1178290415352367,0.2584035423142982
2025-02-10,0.19838328780557923,0.12000152003392453,0.2594658887574935
2025-02-11,0.19907917956344928,0.11926816518300114,0.26059662222430535
2025-02-12,0.23041679370008147,0.12804196619349328,0.2625321734011457
2025-02-13,0.18382528827158817,0.11873118820527402,0.25905266232862456
2025-02-14,0.200107970152673,0.15982801745421715,0.2627040751879486
2025-02-17,0.19981898768422304,0.16057120293372315,0.23775531484642262
2025-02-18,0.19936430990993065,0.17168353859191124,0.23801951432358426
2025-02-19,0.20394881467836898,0.1716549338375002,0.2370883841571578
2025-02-20,0.2036197768252456,0.1697143898366284,0.2448508974336637
2025-02-21,0.2039049505230837,0.16758668781441327,0.24177537317006936
2025-02-24,0.20510944528238662,0.16872346360297363,0.2445173761182391
2025-02-25,0.1921956150065457,0.16343491729265702,0.24382322039463905
2025-02-26,0.19272206207206122,0.16326044244430407,0.22555114647680244
2025-02-27,0.19241282131396206,0.2066375478064115,0.22874067141575694
2025-02-28,0.1946686568852732,0.20981186708119987,0.1964582841936797
2025-03-05,0.20072354897074945,0.23920312360004595,0.1893845576006096
2025-03-06,0.19775009434457064,0.24021888272856395,0.19230772460762194
2025-03-07,0.19789594876061783,0.24475333365709526,0.19620867339288778
2025-03-10,0.19337591614291455,0.24452181687227992,0.2064335055415793
2025-03-11,0.19598966835630927,0.24805365783279432,0.20220338406877608
2025-03-12,0.194383708182591,0.24823304051167114,0.20661726575877387
2025-03-13,0.19868844279892015,0.2500631340831272,0.2088469524007488
2025-03-14,0.2242944391592328,0.2756802596243839,0.23402615552957573
2025-03-17,0.2163611481741596,0.2796922347796892,0.234578983427999
2025-03-18,0.2163627498148588,0.2796783522315522,0.23469889083976997
2025-03-19,0.2014737232755123,0.25668682380675345,0.23224687967147464
2025-03-20,0.2062098024094159,0.255547381877494,0.23130879653585107
2025-03-21,0.20557541839335514,0.252943350950553,0.23101010354076573
2025-03-24,0.20077539478212955,0.25252781773576033,0.23247839025907782
2025-03-25,0.20000967642732678,0.25462571457428707,0.19899889999309386
2025-03-26,0.20524630615376083,0.2575351222139284,0.19861574393143316
2025-03-27,0.20275318321981411,0.25832418981219457,0.19594040560109038
2025-03-28,0.2104272180636016,0.2587755664748305,0.19628066313336137
2025-03-31,0.21362345564552424,0.2597573463141958,0.2033651124503387
2025-04-01,0.21342433449314563,0.226772429185922,0.20176704382379912
2025-04-02,0.18926319161417698,0.21580689424864122,0.18549480379905955
2025-04-03,0.19157641319306631,0.2062667623796782,0.23084542255599974
2025-04-04,0.2183779294098149,0.2516724185590836,0.2695495010351241
2025-04-07,0.21829796446126593,0.2854060726899482,0.26566001005028983
2025-04-08,0.21715367686956225,0.3088031333421786,0.3219871142874226
2025-04-09,0.220121614229681,0.3403404296685995,0.3758170946541569
2025-04-10,0.22163319070860388,0.40426426330684917,0.38006887076385176
2025-04-11,0.21667679235332485,0.40991342249516416,0.3815768590174579
2025-04-14,0.1954762350119479,0.39081255951295196,0.3660235465898906
2025-04-15,0.17250336209731618,0.3855182032541585,0.36238311811730484
2025-04-16,0.1719213692185354,0.38530768133244564,0.3672048332675246
2025-04-17,0.17184769101243827,0.3960103929766574,0.36888208957300916
2025-04-22,0.17960090143823035,0.3960259205641425,0.3763707579058924
2025-04-23,0.19107382214022067,0.3882929592032223,0.3792229165971664
2025-04-24,0.19908948348783756,0.3877924816568676,0.3841331613233201
2025-04-25,0.20002426932765346,0.3856586621767105,0.3933358919670238
2025-04-28,0.1948931246520248,0.3807855162955927,0.3926904130197143
2025-04-29,0.19502407153253026,0.3796790284608978,0.3906265005807195
2025-04-30,0.18374319360441713,0.38112750949709506,0.39336406122513884
2025-05-02,0.1787587566287593,0.4014471095381544,0.3914110863103067
2025-05-05,0.1961517632993478,0.41230038911032735,0.3897297629445834
2025-05-06,0.19870411968612167,0.4216057392415167,0.3900098932675048
2025-05-07,0.19448070874724901,0.4146966480988133,0.3705474469141617
2025-05-08,0.15939778439538865,0.40127875100294086,0.3425184917526914
2025-05-09,0.2259743986098698,0.38061536320116174,0.3398801514062328
2025-05-12,0.24580525360057462,0.36957315586764766,0.27875057897414746
2025-05-13,0.2434400124642556,0.3456727372318181,0.2232466728146687
2025-05-14,0.23998572388693537,0.2588359368586284,0.21803890698600714
2025-05-15,0.24055739874559573,0.25107335626365057,0.21361723365315052
2025-05-16,0.23882111985713916,0.2506758147331802,0.20955759053251644
2025-05-19,0.23862612696612184,0.2342112088657575,0.2061214025772122
2025-05-20,0.23852014663090254,0.2340554289365733,0.1854517148265034
2025-05-21,0.2568536967426431,0.23062868943391668,0.19232819773526233
2025-05-22,0.25644566602638674,0.23611705529794186,0.18547704052263322
2025-05-23,0.25153254031681715,0.23206602597232587,0.1808485317703758
2025-05-26,0.2461683879169312,0.2316703812297905,0.17251460179109102
2025-05-27,0.24483551825468422,0.2325456162437929,0.14563256232154914
2025-05-28,0.24763177264827776,0.23233359869658227,0.14758124190461194
2025-05-29,0.2503018657928432,0.23338916537737947,0.14718985919974364
2025-05-30,0.24983735281016897,0.2264227673281602,0.15988939999013255
2025-06-02,0.25143213050202257,0.20739859947741507,0.16320347175530406
2025-06-03,0.24155761416801264,0.15329391463401237,0.16277806827950292
2025-06-04,0.24058180007256752,0.17674678623345938,0.16364557287309087
2025-06-05,0.24441043318022354,0.17599378731583734,0.1638130425283433
2025-06-06,0.24344832442495784,0.1730959502719246,0.16348938191630294
2025-06-09,0.1584882677244046,0.1805702573932569,0.16415379751241696
2025-06-10,0.1422069247999623,0.19200887213693793,0.14037851104246643
2025-06-11,0.13913617503018919,0.2186292339609207,0.12892235478146208
2025-06-12,0.13976787471141486,0.23046389707902593,0.12957833662175486
2025-06-13,0.13625116772286497,0.24365824652924242,0.1279820870824264
2025-06-16,0.15042099064827733,0.2471305066499181,0.17630059757537778
2025-06-17,0.1454796488103453,0.2569731366789282,0.234407333673493
2025-06-18,0.1464186446396883,0.25724849556130625,0.2340268175559908
2025-06-20,0.13029151172614556,0.2531197803734249,0.24479672002546912
2025-06-23,0.12843388470740744,0.26593103153515074,0.25125054600028734
2025-06-24,0.13832830793731546,0.2769371432070209,0.2508667164239402
2025-06-25,0.15137168615023902,0.2774158598712536,0.25083734273445796
2025-06-26,0.1491712251360979,0.2776054921229989,0.2754980072717199
2025-06-27,0.14738481170538,0.27907729452099045,0.2814628470242751
2025-06-30,0.1607641411286721,0.2782099132268347,0.2817070369414382
2025-07-01,0.16150571669014227,0.27446122319117827,0.27049539556909213
2025-07-02,0.162147424663502,0.27936671068764857,0.2950529066778588
2025-07-03,0.18223938133595222,0.2792136553664499,0.29592939490822
2025-07-04,0.18175717168659775,0.2563661459959065,0.29582028746556155
2025-07-07,0.18282370307774223,0.25690947283788035,0.3015527742333975
2025-07-08,0.1832541183290281,0.25839141718979775,0.3016468017140461
2025-07-09,0.19771759377997547,0.2496880524448325,0.30368002142782846
2025-07-10,0.22624197435609283,0.23373279725066567,0.3125941058790678
2025-07-11,0.22446734994347056,0.21081007136758304,0.312706158803479
2025-07-14,0.2218085277913816,0.2043403186052277,0.3149434758086809
2025-07-15,0.21964251507270968,0.18714500643800983,0.3262822832955013
2025-07-16,0.20930168304607907,0.18493319451556828,0.3084253116799985
2025-07-17,0.21590243275231918,0.16737558802928884,0.25842058086865277
2025-07-18,0.22312948528249077,0.17338743309725976,0.2576049867176539
2025-07-21,0.22794706321408129,0.17418327664388397,0.24746823937439846
2025-07-22,0.23178423254450972,0.15820773915801717,0.2560663355218423
2025-07-23,0.22458262373360016,0.15879815851785886,0.2564716050107113
2025-07-24,0.21881678277689323,0.15756679975767665,0.2663083365138667
2025-07-25,0.2189179623216484,0.15557786499904314,0.259692971295329
2025-07-28,0.22938898239113673,0.15228089109225257,0.2586957674776739
2025-07-29,0.21868222389671424,0.1571276140662002,0.2593956769159189
2025-07-30,0.22297808775526867,0.15979742346672812,0.26468051485440824
2025-07-31,0.22276505888928538,0.15024030060118831,0.23233610767840512
2025-08-01,0.20085634942209216,0.1576019121590336,0.23327789459746093
2025-08-04,0.20637854420119695,0.15763810136291695,0.23503443957250367
2025-08-05,0.2084338738092098,0.15825069780575624,0.2295681359738338
2025-08-06,0.21439175306993302,0.1500835792115338,0.23006686788964237
2025-08-07,0.21133956602080844,0.14974913743451854,0.22907276294823378
2025-08-08,0.17751538102185896,0.267060998854183,0.22878817463158788
2025-08-11,0.17362728925113308,0.26378759368748683,0.22397387141981207
2025-08-12,0.18269535867004713,0.2616280240125552,0.22337863697546473
2025-08-13,0.18870699570089527,0.2615483401230773,0.20061625798725896
2025-08-14,0.18936239383216452,0.26403824100313733,0.20462528356769363
2025-08-15,0.18567815790785674,0.26264186412478185,0.2046307422571244
2025-08-18,0.1702548814454771,0.25945220000160923,0.20434735683673544
2025-08-19,0.20222849547524316,0.2613043691832987,0.180269834982424
2025-08-20,0.19461715442631414,0.2596386761407909,0.1529107834647189
2025-08-21,0.19197066825622527,0.24769595527097102,0.15733790499990238
2025-08-22,0.20711821116807672,0.2699597632132692,0.17386157369924676
2025-08-25,0.20923663705186357,0.27096153397400696,0.1652236063604287
2025-08-26,0.19341289340428844,0.271676446607348,0.1625834962750536
2025-08-27,0.19841234516443998,0.26865675704279024,0.16022551515150663
2025-08-28,0.20492542100282182,0.2679515692515194,0.14277610042044417
2025-08-29,0.2048148047345973,0.26893314972304383,0.13799982398836325
2025-09-01,0.20117966704994084,0.2655380646608071,0.13812850287904374
2025-09-02,0.21480035416287943,0.2662082308815156,0.1390706428065931
2025-09-03,0.21769825587217356,0.2671559815696687,0.13834690576795944
2025-09-04,0.21508147144029027,0.2670708569847289,0.13429357918894014
2025-09-05,0.21057133625793686,0.2704682710562888,0.13513944275204012
2025-09-08,0.21137782918553194,0.15182080477311383,0.11605285495610372
2025-09-09,0.21387116109464122,0.15255480357534376,0.11699028885953439
2025-09-10,0.2021250991399898,0.16293665882779412,0.1145525847545091
2025-09-11,0.19898762954607427,0.16067382278555187,0.11608620407584115
2025-09-12,0.20648425371469192,0.15467541614403055,0.10327253727917458
2025-09-15,0.21346550530132574,0.1556292027638489,0.10338708231548503
2025-09-16,0.2126658478619553,0.1551894181898925,0.10118616579012331
2025-09-17,0.1868875932878598,0.1475060529258059,0.10086246490668865
2025-09-18,0.18679518769935613,0.1543715907709875,0.09848835098587475
2025-09-19,0.19008013593386217,0.16194471346806663,0.09717071506741642
2025-09-22,0.17780463383702766,0.13484762200353362,0.060550817916499286
2025-09-23,0.18288299237029282,0.1443371552120406,0.06721976769699477
2025-09-24,0.18284377749573932,0.15657926900361333,0.06315958499857871
2025-09-25,0.17844098038512904,0.1604996610273961,0.0634684383634462
2025-09-26,0.16473429235308631,0.16011556259299883,0.09864614345049566
2025-09-29,0.16538371907613297,0.1684589664558567,0.09873919060995287
2025-09-30,0.1638832630887661,0.17352622940924672,0.09954785439658925
2025-10-01,0.16523699053824048,0.17295279889362397,0.10430845332600518
2025-10-02,0.16701356510598878,0.17358780496689688,0.10524769636504408
2025-10-03,0.16838532602067666,0.1738229810577932,0.10636769153503182
2025-10-06,0.16856758426897486,0.1682670344141403,0.11561771688077303
2025-10-07,0.17631262001020181,0.16817639123433809,0.12972073274667928
2025-10-08,0.17449467001083643,0.16704470964390108,0.12979671742439647
2025-10-09,0.17442532878305403,0.15962032795336634,0.12945737948395195
2025-10-10,0.1741461208127977,0.16134984921468268,0.12941460091061613
2025-10-13,0.16706652175932252,0.16554280876896296,0.13711377307339312
2025-10-14,0.15689148080045454,0.1623426690750678,0.13522999274963635
2025-10-15,0.15674163914063682,0.1630200392326608,0.14691006987848387
2025-10-16,0.14739810108230042,0.1616570009497398,0.15248430821123743
2025-10-17,0.14807861573821676,0.16595496759626865,0.1528146701330784
2025-10-20,0.15435817303022015,0.16328964585313002,0.15720136236890667
2025-10-21,0.14978492692537426,0.1584927934197109,0.15779369601953958
2025-10-22,0.1413148355270894,0.15110010334685803,0.1635534885461463
2025-10-23,0.1398702746201549,0.13123218405005932,0.16456244521982885
2025-10-24,0.13744925366057945,0.13334322289472222,0.1647576654060504
2025-10-27,0.1396817277527797,0.13711387842465325,0.14462269748097464
2025-10-28,0.13865436191654495,0.13220922982954228,0.14566540309681433
2025-10-29,0.15856085705669762,0.12928691866047576,0.1536134562423049
2025-10-30,0.14384835525228695,0.1294911593494861,0.15125106218540646
2025-10-31,0.13705745661420898,0.12710312163779355,0.1637656876559302
2025-11-03,0.14515799371589905,0.1357277212918156,0.16241554193710478
2025-11-04,0.13766941020154383,0.13444055211697492,0.16605356238551794
2025-11-05,0.119673832850187,0.15138082334055689,0.15832675662748055
2025-11-06,0.1202043803114214,0.15079699263774665,0.16097931359807974
2025-11-07,0.11911918638667952,0.1872834599419023,0.16889877640819514
2025-11-10,0.11822889424794336,0.18226644781725418,0.16621323820813477
2025-11-11,0.12918154746540894,0.19667374414250163,0.16400485996470865
2025-11-12,0.16129655440608895,0.22013851476313312,0.16501908670992538
2025-11-13,0.1607995182967683,0.21532000289665676,0.15819519823927664
2025-11-14,0.15926904930607053,0.20898282259758108,0.15532987055135697
2025-11-17,0.16410138197276108,0.20836246135334935,0.1543901298050007
2025-11-18,0.15798344149158122,0.20790177799643242,0.1526618363340224
2025-11-19,0.15530471472982005,0.20582457834590398,0.15245179381449311
2025-11-21,0.1539699322503457,0.20896142322223682,0.14311500109138772
2025-11-24,0.15505901590496846,0.20796868866543372,0.14281051243301154
2025-11-25,0.15454680861196496,0.20497146609540878,0.14351201277905035
2025-11-26,0.16977814996114718,0.2056824973758599,0.14843307727947103
2025-11-27,0.1712344411215622,0.2053107412106221,0.14936221788582116
2025-11-28,0.17193277852272112,0.21978900842975657,0.1469811864947648
2025-12-01,0.17528160242376056,0.21831961492298102,0.14703483036316012
2025-12-02,0.1880090914436219,0.21684069755015228,0.1305887293236684
2025-12-03,0.18194476661061812,0.21533222039471298,0.16562308036257142
2025-12-04,0.19566196556594373,0.21553632025619227,0.16253879174271674
2025-12-05,0.2638743162399701,0.24678291817468095,0.18500673789239094
2025-12-08,0.2640959362142368,0.24807461212065057,0.18688150188234443
2025-12-09,0.26441115656951364,0.21202958187517562,0.18009218998072166
2025-12-10,0.26472733123371583,0.2111901360997745,0.1869039860438431
2025-12-11,0.2568878516434878,0.19522708836952346,0.1877511110247344
2025-12-12,0.24337991951974475,0.1776324316342158,0.1865025451272217
2025-12-15,0.24742822753776333,0.17733043011972338,0.18535737618991574
2025-12-16,0.2664940260901554,0.20226219516927232,0.18113914302570383
2025-12-17,0.2671624796939257,0.2060226189943646,0.18144830832127237
2025-12-18,0.2665720512910053,0.20508918861957243,0.17896601507645143
2025-12-19,0.26622942527184384,0.2062124925755249,0.17701753907977852
2025-12-22,0.2662176296468279,0.20626152962893404,0.19242538540698104
2025-12-23,0.26955735197555164,0.20789459462056348,0.19198018759752863
2025-12-26,0.2697251143845207,0.20739077141952653,0.19270299741468822
2025-12-29,0.26016141372968676,0.21139268169662487,0.20429909765072907
2025-12-30,0.2598763306063985,0.21070404837344187,0.20341677760958485
2026-01-02,0.24939221872417897,0.20053083279744954,0.20033786653862143
2026-01-05,0.25123690738418747,0.20836387344862192,0.2008135268917305
2026-01-06,0.24125358040536435,0.21484975341680893,0.22772153421602623
2026-01-07,0.24884689471451488,0.21427262431319327,0.20963510546725775
2026-01-08,0.2399104242742194,0.21822104016663169,0.2123477402691057
2026-01-09,0.16685901044771093,0.18034142042067045,0.19475906654478128
2026-01-12,0.1712246552940067,0.17732117334789435,0.19063337841191375
2026-01-13,0.17417129382801338,0.19768892185136816,0.18985483027995295
2026-01-14,0.17590644989709509,0.21803767043161562,0.23258317072708892
2026-01-15,0.17726823716561024,0.20983932313470016,0.2333149970687234
2026-01-16,0.17894776189131487,0.21043270198382297,0.2339815281753834
2026-01-19,0.17199070286409116,0.21048741724978698,0.23684091920878741
2026-01-20,0.14463475228275674,0.17307695432672712,0.24076626922257585
2026-01-21,0.1966789522959621,0.20243332391445013,0.2529321736546089
2026-01-22,0.22034466489265095,0.19864501563924858,0.25234991697073383
2026-01-23,0.22086524726718468,0.2363511718588347,0.2586388905164902
2026-01-26,0.2216898983629806,0.23587142636418038,0.27015308644600183
2026-01-27,0.22962402784192362,0.24055581895299105,0.2742659979184421
2026-01-28,0.2340354579124799,0.25421822790386883,0.27981876989081705
2026-01-29,0.23468512777206643,0.254206273582765,0.26851600732775616
2026-01-30,0.247030498827242,0.25469819987458475,0.30897795453444493
2026-02-02,0.24504924325315816,0.26377526500593834,0.30897158764282734
2026-02-03,0.24382879656127357,0.2463881463621322,0.33930056908382755
2026-02-04,0.2816407122246097,0.22728375371554974,0.3243188614862438
2026-02-05,0.2747387147452158,0.24311557695692596,0.3551297540102914
2026-02-06,0.28176405695472273,0.252360487565653,0.355012137963825
2026-02-09,0.2925419330182953,0.2532024116860639,0.3520552037524665
2026-02-10,0.2861883498118571,0.253699041040361,0.3530650960084448
2026-02-11,0.28038089000311733,0.24989780101665773,0.3653273644080272
2026-02-12,0.30438295663569365,0.26974596452942323,0.34311952976908755
2026-02-13,0.31158684317840163,0.26954539566868263,0.35885010900342673
2026-02-18,0.3059570421946071,0.2695562756172732,0.38600509767552627
2026-02-19,0.3035560556346178,0.27124126409932786,0.38639308852742305
2026-02-20,0.30388382580723683,0.27115469303734197,0.40314795784439644
2026-02-23,0.32018813019737447,0.2550569044260517,0.39221962033401303
2026-02-24,0.3067152709177975,0.26253116088649076,0.39208736078354123
2026-02-25,0.3092203987978516,0.2310760256870473,0.39274342183079824
2026-02-26,0.3083802081202755,0.23131670356420583,0.3837200311553197
2026-02-27,0.30643571828939065,0.22738174416804563,0.37969140927685424
2026-03-02,0.3039676738341595,0.24894934120962373,0.3713708776246378
2026-03-03,0.3255850331040239,0.250125508210668,0.39989515784654045
2026-03-04,0.32679432053543717,0.25539731886916217,0.380207573991173
2026-03-05,0.34454228798712305,0.24761962098902446,0.3968469222185253
2026-03-06,0.34518553728763324,0.27003594351254506,0.3638580221070432
2026-03-09,0.3283469093151039,0.27564411725331395,0.36390538170027376
2026-03-10,0.3244892063347388,0.2690600142623755,0.3564368315556135
2026-03-11,0.3080581180664837,0.2884936508113765,0.35629662555692176
2026-03-12,0.290257329334186,0.28726863527959834,0.346725674419782
2026-03-13,0.2887474472511839,0.29153226162322887,0.3475790005226319
2026-03-16,0.28325685024094516,0.2957388859689363,0.3203396875370506
2026-03-17,0.27677432703389127,0.26754087660842546,0.3212352921643365
2026-03-18,0.27683658570925956,0.2607459754794031,0.3201385614102927
2026-03-19,0.2781371023922463,0.26656866207212454,0.30022022398568565
2026-03-20,0.27302730832988004,0.2916452654677557,0.3021525332234053
2026-03-23,0.2922057213209153,0.29116779838609175,0.27944762598841216
2026-03-24,0.27027034473141953,0.2965012426322209,0.2801200085418623
2026-03-25,0.2685178542412655,0.29148575684577954,0.29046868195316244
2026-03-26,0.2794308940757405,0.28982750855364303,0.2694622035617106
2026-03-27,0.27989102176230657,0.2956338985343606,0.2705154727751192
2026-03-30,0.2779591272494053,0.28939037486235475,0.27351875063341563
2026-03-31,0.3217519551908758,0.2818073559867214,0.30970290715660365
2026-04-01,0.3017298574557447,0.304437929202232,0.2756445495607028
2026-04-02,0.2997799267170834,0.2987801836741119,0.2764458252591195
2026-04-06,0.27593036698132223,0.2997379227736903,0.2491859679489458
2026-04-07,0.2713892878536923,0.2891250257259828,0.22205454393070131
2026-04-08,0.294869966893334,0.3241071512880378,0.23219298833988022
2026-04-09,0.2961593140026325,0.3323024323918431,0.23244174636188367
2026-04-10,0.29655832861700104,0.31094210423733665,0.23034342730150778
2026-04-13,0.27705878848610627,0.31322264330947996,0.23404557686388494
2026-04-14,0.27691528938188265,0.3460238320770867,0.22686747450037623
2026-04-15,0.2758072905310228,0.3451331411726932,0.22726922788254797
2026-04-16,0.27358085081570205,0.3637567712926477,0.23437026435146013
2026-04-17,0.2700649214194186,0.4030699785760412,0.22143632130608534
2026-04-20,0.27454542479029337,0.40749332714966585,0.2258947739962239
2026-04-22,0.29025553499688683,0.40009137007469964,0.22960719635075036
2026-04-23,0.2852790071266244,0.4022881831383387,0.23055102830883797
2026-04-24,0.28420090497064776,0.3955527127289268,0.23123514772118403
2026-04-27,0.2834992687081868,0.39549853617944747,0.22741229211047287
2026-04-28,0.2641853603831434,0.3938435199396037,0.23122004017539122
2026-04-29,0.2810280194999984,0.395065506686611,0.3196415575283133
2026-04-30,0.28168048538497437,0.39473307527892815,0.327628459937081
2026-05-04,0.24358920292944433,0.38797026234509574,0.31893668091300775
2026-05-05,0.24130855166778545,0.3783934627199813,0.31743011673824495
